name,price,sold,page
iPhone 14 Garansi Resmi,12456000,750,1
iPhone 15 Promax Garansi Resmi Promo,22800000,250,1
iPhone 15 Pro Max Garansi Resmi ,22800000,50,1
iPhone 15 Garansi Resmi Promo,14928000,100,1
iPhone 13 Garansi Resmi,10800000,5000,1
Apple iPhone 13 Garansi Resmi - 128GB 256GB 512GB,11050000,1000,1
Apple iPhone 14 Garansi Resmi - 128GB 256GB 512GB,15600000,1000,1
iPhone 13 Garansi Resmi,14850000,5000,1
IPHONE 15 PRO MAX 256 GB | 512 GB | 1TB GARANSI RESMI ,27500000,100,1
iPhone 15 Pro Max 256GB / 512GB / 1TB Garansi Resmi ,28700000,1000,1
IPhone 12 Garansi Resmi Ibox,8808000,2000,1
Iphone 7 Plus 256GB Fullset,2850000,0,1
IMEI RESMI iPhone 15 Pro Max Promax 256GB 512GB 1TB Dual Nano SIM Blue,22999000,60,1
iPhone 14 Plus Garansi Resmi,14304000,100,1
iphone 12 64gb 128gb 256gb Bekas Second Mulus 64 128 256 gb Apple 12,4950000,500,1
Apple iPhone 15 - Garansi Resmi iBox Apple Indonesia,19250000,250,1
IPHONE 15 128 GB | 256 GB | 512 GB GARANSI RESMI APPLE INDONESIA,8300000,70,1
Apple iPhone 13 128GB | 256GB | 512GB - Garansi Resmi iBox Apple Indo,12950000,3000,1
Iphone 15 Pro 128Gb / 256Gb / 512Gb / 1TB Garansi Resmi ,25350000,500,1
iPhone 14 Garansi Resmi,7200000,750,1
IPhone 12 Garansi Resmi Ibox,9550000,2000,1
Apple iPhone 11 64 GB - Garansi Resmi iBox Apple Indonesia,69800000,3000,1
IPHONE 15 PRO 128 GB | 256 GB | 512 GB | 1TB GARANSI RESMI ,20600000,70,1
Apple iPhone 15 Pro Max Garansi Resmi - 256GB 512GB 1T,28650000,500,1
iPhone 13 128GB 256GB 512GB Garansi Resmi Ibox,14750000,100,1
(IBOX) iPhone 14 Pro 512GB Black Gold 256GB 128GB not mini,21517000,500,1
iphone 13 pro max iphone 13 pro second 128GB 256GB 512GB Apple,9920000,100,1
IMEI RESMI Apple iPhone 15 Pro 128GB 256GB 512GB 1TB Natural Dual SIM,19199000,30,1
iBox | Apple iPhone X | Xr | Xs | Xs Max Original Resmi,2895790,19,1
Iphone 12 128Gb NEW SEGEL Resmi IBOX Indonesia,8500000,3,1
(IBOX) Apple iPhone 15 Pro 1TB 512GB 256GB 128GB Black Blue Titanium,24800000,100,1
Iphone 14 128 Gb | 256 Gb | 512 Gb Garansi Resmi IBOX,15900000,250,1
iphone 13 pro max iphone 13 pro second 128GB 256GB 512GB Apple,55400000,100,1
Apple Iphone 15 Plus Garansi Resmi Indonesia,18250000,27,1
Apple iPhone 14 Pro Max Garansi Resmi - 128GB 256GB 512GB 1TB Promax,26949000,1000,1
Apple iPhone 15 Pro Max iBox 256GB 512GB Chip A17 Pro,26250000,80,1
(IBOX) Apple iPhone 14 512GB 256GB 128GB 6.1 inch Resmi Indo TAM,15700000,250,1
IPhone 13 - Garansi Resmi Ibox,10850000,100,1
(IBOX) Apple iPhone 14 Pro Max ProMax 1TB 512GB 256GB 128GB Resmi TAM,24900000,1000,1
iPhone 13 128GB 256GB 512GB Garansi Resmi,10850000,100,1
iphone 14 pro max iphone 14 pro second 128GB 256GB 512GB Apple,13730000,60,1
Charger iPhone Original Fast Charging 20W Adaptor USB-C + Kabel - 20W + 1 Meter,145000,4000,1
iPhone XR 64GB 128GB 256GB Second Seken E X Inter Fulset Mulus,3150000,750,1
Apple iPhone 11 IBOX 128GB Black White Red Green Purple Yellow RESMI - BLACK,8569000,100,1
iphone 12 Mini 64gb 128gb 256gb Bekas Second 64 128 256 gb Apple 12,4300000,100,1
iPhone 15 Pro 128GB 256GB 512GB 1TB Garansi Resmi,11000000,30,1
iPhone 14 128GB 256GB 512GB 5G Garansi Resmi Indonesia,6900000,60,1
(IBOX) Apple iPhone 14 Pro 1TB 512GB 256GB 128GB 6.1 inch Resmi TAM,22150000,1000,1
(RESMI) IBOX iPhone 11 64GB 128GB Black White Purple Dual Sim,83750000,250,1
Iphone 11 128GB Garansi Resmi TAM / Ibox,78900000,10000,1
Apple iPhone 15 Garansi Resmi - 128GB 256GB 512GB,18900000,500,1
Apple iPhone 15 Pro Garansi Resmi - 128GB 256GB 512GB 1T,2550000,500,1
Second iPhone XR 64 GB Mulus Ex Inter Silent Camera,30500000,750,1
IBOX Apple iPhone 15 128GB 256GB 512GB Blue Pink Yellow Green,20150000,100,1
iPhone 15 Pro Garansi Resmi Promo,22900000,250,1
(IBOX) iPhone 12 64GB 128GB 256GB Garansi Resmi 1 Tahun 64 128 256 GB,52500000,1000,1
iPhone 13 128GB | 256GB | 512GB New Series Garansi Resmi iBox 1 Tahun,10879000,80,1
Apple iPhone 14 - Garansi Resmi iBox Apple Indonesia,16000000,500,1
IBOX Apple iPhone 11 64GB 256GB 512GB Garansi Resmi IBOX,82000000,100,1
[FS] iPhone 11 64GB Nano+Esim Garansi Resmi 1 Tahun [ TAM ],6624000,100,1
IPHONE 14 128 GB GARANSI RESMI APPLE INDONESIA IBOX,12308000,100,1
Apple iPhone 15 Pro - Garansi Resmi iBox Apple Indonesia,16250000,100,1
iPhone 15 128GB Promo Garansi Resmi Indonesia,16499000,80,1
Apple iPhone 15 Plus Garansi Resmi - 128GB 256GB 512GB,19250000,100,1
Apple Iphone 11 64GB 128GB - Garansi iBox,6699000,30,1
IBOX Resmi iPhone 13 Pro Max 128GB 256GB 512GB 1TB Blue Graphite Gold,19300000,500,1
Apple iPhone 13 Garansi Resmi,11800000,250,1
IPHONE 11 64 GB FULLSET SECOND/BEKAS ORIGINAL 100% MULUS,42000000,750,1
Apple iPhone SE 3 2022 5G IBOX Dual Sim 256GB 128GB 64GB Red Midnight,48150000,250,1
Iphone 12 64gb / 128gb /256gb Bekas Fullset,31000000,500,1
iPhone 11 Internal 128 iBox - Garansi resmi,83550000,250,1
IBOX Apple iPhone 15 Pro 128GB 256GB 512GB 1TB Blue Natural Titanium,16150000,250,1
IBOX Apple iPhone 15 Pro Max 128GB 256GB 512GB 1TB Titanium,31250000,250,1
Iphone 14 Plus 128 Gb | 256 Gb | 512 Gb Garansi Resmi IBOX,17000000,80,1
READY STOCKS iPhone 15 15 Pro 256GB 128GB Garansi Apple,18150000,250,1
iPhone 7 | 7 Plus 32gb | 128gb | 256gb Original Apple,25000000,21,1
Second iPhone XS 256 GB Mulus Ex Inter Silent Camera,32950000,250,1
iPhone 14 Plus Garansi Resmi,18000000,100,1
[ Resmi iBox ] iPhone 15 Pro - iPhone 15 Pro Max 128GB 256GB 512GB 1TB,25700000,250,1
[ RESMI IBOX ] Apple iPhone 14 & 14 Plus 5G 128GB 256GB 512GB Not Pro,17600000,500,1
(IBOX) iPhone 11 64GB 128GB 256GB Garansi Resmi TAM 1 Tahun 64 128 256,6790000,4000,1
iphone Xs Max 256GB 64GB 512 GB Second Seken Fulset Kondisi Perfect X,3470000,500,1
iPhone 11 64GB 128GB Garansi Resmi INDONESIA 1 Tahun,7049000,30,1
iphone 11 64gb 128gb 256gb Second Fulset EX inter Kondisi Mulus,4165000,1000,1
iPhone 14 Pro Garansi Resmi,21840000,1000,1
