name,price,sold
Pompa Ban Sepeda Motor Bola Rockbros Pump 380G 160 PSI Pompa sepeda,Rp115.000,1rb+ terjual
Rockbros W009 Tas Stang Sepeda Selempang Handlebar Bicycle Sling Bag,Rp135.000,11 terjual
ROCKBROS Arm Sleeve Sunscreen Protection Manset Pelindung Sinar UV SPF,Rp25.000,1rb+ terjual
Manset Tangan Sepeda Rockbros Original anti UV Arm sleeve Pria Wanita,Rp59.000,500+ terjual
ROCKBROS YQ-ZJQD400LM Lampu Depan Sepeda Barfly 400 Lumen Rechargeable,Rp120.000,100+ terjual
ROCKBROS LF8065 Masker Balaclava Sepeda Slayer Motor Face Mask Scarf B,Rp36.800,7rb+ terjual
ROCKBROS XT9002 Manset Tangan Sepeda Cycling Arm Sleeve Pria Wanita,Rp11.200,10rb+ terjual
ROCKBROS 32420515001 Kunci Gembok Sepeda Bike Bicycle Lock Ring 95CM,Rp57.000,250+ terjual
ROCKBROS 40210003 Handgrip Sepeda Tutup Setang Bicycle Grips Leather,Rp55.000,250+ terjual
ROCKBROS S099 Sarung Tangan Sepeda Bike Half Finger Gloves,Rp43.500,500+ terjual
ROCKBROS XT9002 Arm Sleeve Outdoor Manset Tangan Sepeda Anti UV,Rp14.000,10rb+ terjual
ROCKBROS LF8464 Masker Balaclava Slayer Motor Sepeda Cycling Face Mask,Rp53.900,80+ terjual
Sarung Tangan Rockbros S275 Kaos Tangan Full Finger Anti Slip Tactical,Rp195.500,4 terjual
ROCKBROS LF8065 Masker Balaclava Sepeda Slayer Motor Face Mask Scarf B,Rp36.800,7rb+ terjual
ELtamart Rockbros B86 Bicycle Tool Kit Bag Cycling Storage Tas Botol,Rp125.000,28 terjual
ROCKBROS RKS515 Kunci Gembok Sepeda Bicycle Lock Ring with Bracket,Rp39.700,4rb+ terjual
ROCKBROS S202 Sarung Tangan Sepeda Non Padding Half Finger Gloves,Rp57.000,250+ terjual
ROCKBROS DCBT68 Botol Minum Sepeda Olahraga Bidon 600ml Water Bottle,Rp36.374,1rb+ terjual
ROCKBROS GJ1601 Kunci Sepeda 16In1 Bike Tool Kit Toolset Multifungsi,Rp26.300,2rb+ terjual
ROCKBROS LF8112 Long Masker Balaclava Slayer Motor Sepeda Anti UV,Rp44.500,1rb+ terjual
ROCKBROS Kacamata Sepeda 10119 10109 Cycling Eyewear Sunglasses 3 Lens,Rp146.999,100+ terjual
ROCKBROS RHL 1000 Lampu Depan Senter Sepeda Bicycle Front Light 1000LM,Rp239.000,100+ terjual
ROCKBROS S106 Sarung Tangan Sepeda Bike Glove Half Finger Pria Wanita,Rp56.000,2rb+ terjual
ROCKBROS S202-1 Sarung Tangan Sepeda Anti UV Bike Gloves Full Finger,Rp62.500,100+ terjual
ROCKBROS 2011-7A Standar Sepeda Samping Bicycle Kick Stand Adjustable,Rp40.900,1rb+ terjual
Rockbros 2721 Bike Rack Standar Parkir Rak Sepeda Roadbike MTB,Rp150.000,60+ terjual
Manset Tangan Rockbros XT057-1 Arm Sleeve Ice Cool Sun UV Protection,Rp58.900,17 terjual
Holder Tempat Botol Minum Sepeda Rockbros 2016-11 Cage Bike,Rp30.000,100+ terjual
Rockbros T530-RD Gembok Kunci Sepeda 4 Angka Bike Lock Password Bk Red,Rp50.000,100+ terjual
ROCKBROS S106 Bike Glove Half Finger – Sarung Tangan Sepeda 2 Warna,Rp53.000,1rb+ terjual
ROCKBROS WB002 Masker Sport Sepeda - Face Mask Scarf Bandana Ice,Rp41.200,250+ terjual
ROCKBROS LF-047 Bicycle Saddle Cover-Sarung Sadel-Jok Sepeda -2 ukuran,Rp89.100,500+ terjual
LAMPU DEPAN SEPEDA 400 LUMENS ROCKBROS USB RECHARGEABLE,Rp112.900,12 terjual
ROCKBROS DNB-1001 Spakbor Sepeda Telescopic Bike Bicycle Fender,Rp78.000,250+ terjual
ROCKBROS WB-001B - Masker Wajah Sepeda Anti UV Scarf Slayer - 2 warna,Rp35.100,1rb+ terjual
ROCKBROS PT-6005 Bike Tail Light - Lampu Belakang Seatpost Sepeda,Rp37.500,3rb+ terjual
Rockbros Gembok Kunci Sepeda Bike Lock Anti Lecet 3230,Rp65.000,250+ terjual
ROCKBROS 2022-1B Bel Sepeda Retro Bicycle Chopper Bell Stainless Horn,Rp62.300,100+ terjual
ROCKBROS Arm Sleeve Sunscreen Protection Manset Pelindung Sinar UV SPF,Rp25.000,1rb+ terjual
ROCKBROS ZPWD-1 Lampu Belakang Sepeda Bike Clip Light Mini Lamp,Rp18.500,250+ terjual
Rockbros W011 Tas Stang Sepeda Segitiga Handlebar Bicycle Bag 30110055,Rp96.000,0
Headband Rockbros ZHD001 Sport Head Band Bandana Ikat Kepala Non Slip - ZHD001 Biru,Rp44.500,80+ terjual
ROCKBROS LF8112 Long Masker Balaclava Slayer Motor Sepeda Anti UV,Rp44.500,1rb+ terjual
Rockbros FK-211 Kaca Spion Sepeda 360 Derajat Bicycle Rearview Mirror,Rp62.000,18 terjual
ROCKBROS BT1001 Hand Grip Sponge - Grip Stang Sepeda Sponge BLACK,Rp90.000,9 terjual
ROCKBROS RKS515 Kunci Gembok Sepeda-Bike Bicycle Lock Ring 110CM,Rp41.000,4rb+ terjual
ROCKBROS LDRK1001 Bel Sepeda Bicycle Bell Klakson Sepeda MTB Seli,Rp26.000,750+ terjual
Rockbros Lampu Depan Sepeda USB Rechargeable 2000mAh 400L YQ-QD400,Rp109.000,100+ terjual
ROCKBROS T512 T609 Kunci Gembok Sepeda Bicycle Lock Passcode 4 Angka,Rp38.000,1rb+ terjual
ROCKBROS LF7345 Masker Balaclava Winter Sport Motor Bike Mask Fleece,Rp79.000,100+ terjual
ROCKBROS GMBT1001 Handgrip Setang Sepeda Silicone Bike Handlebar Grip,Rp15.500,500+ terjual
ROCKBROS LF8065 Masker Balaclava Slayer Motor Sepeda Face Mask,Rp38.500,1rb+ terjual
ROCKBROS Bracket Mount Holder Barfly Computer Gopro Garmin Bryton IGS,Rp82.800,30+ terjual
ROCKBROS FYZJ Phone Holder Bag Sepeda Motor Bike Waterproof Touchscren,Rp88.999,80+ terjual
ROCKBROS S196 Sarung Tangan Sepeda Bike Gloves Half finger,Rp97.400,100+ terjual
ROCKBROS S291-1 Sarung Tangan Sepeda Anti UV Bike Glove Full Finger,Rp91.000,500+ terjual
ROCKBROS LDRK1002 Bel Sepeda Copper Bicycle Bell Quick Release Loud,Rp23.800,250+ terjual
ROCKBROS AQ-6090 Sadel Jok Sepeda Empuk Soft Bicycle Saddle Cushion,Rp125.000,250+ terjual
ROCKBROS GJ1601 16 In 1 Bike Tool Kit - Toolset Alat Kunci Sepeda,Rp23.800,2rb+ terjual
Rockbros BC18 Speedometer Sepeda Wireless Odometer Waterproof,Rp149.000,250+ terjual
ROCKBROS Bicycle Tas Sepeda 1.2L Bike Triangle Bag Reflective MTB B75,Rp75.999,250+ terjual
ROCKBROS S106 Bike Glove Half Finger – Sarung Tangan Sepeda 2 Warna,Rp53.000,1rb+ terjual
ROCKBROS D45 Cycling Sport Gym Run Bottle Waist Bag Tas Botol Pinggang,Rp77.300,40+ terjual
ROCKBROS GJ2001 Alat Tambal Ban Sepeda Portable Repair Tire Kit,Rp16.800,250+ terjual
ROCKBROS 34210006 C Shaped Concealed Bel Sepeda Bike Horn Alloy Bell,Rp58.500,27 terjual
ROCKBROS RKS507 Kunci Gembok Sepeda Bike Bicycle Lock 120cm Anti Air,Rp77.900,250+ terjual
ROCKBROS RKS507 Kunci Gembok Sepeda Anti-theft Bicycle Lock 120cm,Rp75.000,100+ terjual
Botol Minum ROCKBROS DCBT69 Plastic Cycling Bike Sports Bottle,Rp35.000,90+ terjual
ROCKBROS 380G Bicycle Pump Pompa Ban Sepeda,Rp105.540,40+ terjual
ROCKBROS DCBT69 New Botol Minum Sepeda Olahraga 750ml Water Bottle,Rp41.000,500+ terjual
ROCKBROS RKS870 Kunci Gembok Sepeda Bike 87CM Bicycle Bike Lock Steel,Rp84.900,1rb+ terjual
Pompa Kompa Sepeda Angin Ban Portable Rockbros Mini Tangan 100 PSI,Rp22.900,100+ terjual
Rockbros Sadel Sepeda Empuk Memory Memori Foam Sepeda Lipat MTB,Rp110.000,250+ terjual
ROCKBROS BT1007 HandGrip Setang Sepeda Grips Bike dengan Handle Tanduk,Rp84.900,500+ terjual
ROCKBROS S107 Sarung Tangan Sepeda Bike Glove Half Finger shockproof,Rp73.900,750+ terjual
ROCKBROS 01112 Bicycle Chain Cover Guard Pelindung Frame Rantai Sepeda,Rp6.800,2rb+ terjual
"ROCKBROS SP0001 Cycling Bike Front Wheel Pad support, Stand Bicycle",Rp35.999,100+ terjual
ROCKBROS RKS507 Bike Lock Ring 120cm - Kunci Gembok Sepeda - BLACK,Rp70.000,100+ terjual
ROCKBROS BT1005 Hand Grips Bicycle Pegangan Stang HandGrip Sepeda,Rp34.900,250+ terjual
ROCKBROS Q5 Lampu Belakang Sepeda Smart Brake Light Sensor,Rp166.000,1rb+ terjual
ROCKBROS S202 Sarung Tangan Sepeda Non Padding Half Finger Gloves,Rp57.000,250+ terjual
Kacamata Sepeda Rockbros 10134BL Biru Kaca Mata Gowes Lari Photocromic,Rp123.200,70+ terjual
ROCKBROS DNB-1001 Spakbor Sepeda Telescopic Bike Bicycle Fender,Rp78.000,250+ terjual
Rockbros PF1 Pompa Fork Angin Sepeda Air Shock 300 PSI Alloy Hitam,Rp229.000,250+ terjual
Topi Sepeda Rockbros Anti UV Cycling Cap,Rp70.000,12 terjual
Rockbros FP4310S Pompa Sepeda Injak Multi Guna Double Silinder Baja,Rp315.500,18 terjual
Masker Muka Sepeda Rockbros LF7743 Cover Wajah Topi Pelindung Panas,Rp54.900,0
Indoor BIKE TRAINER Rockbros 707314 Sepeda Indoor Roller Foldable,Rp1.200.000,5 terjual
Botol Air Minum Bidon Sepeda Rockbros DCBT68 Sport Water Gym 600 ml,Rp37.250,100+ terjual
ROCKBROS YPP074 Topi Kupluk Sepeda Cycling Cap Anti UV Hat Riding,Rp45.000,100+ terjual
ROCKBROS 600LM RHL600 Lampu Depan Senter Sepeda Front Light Bicycle,Rp148.300,100+ terjual
ROCKBROS RKS626 Kunci Gembom Sepeda Motor Bike Double Lock Anti Maling,Rp160.999,21 terjual
Rockbros Holder Barfly Bracket Dudukan Xoss Bryton Garmin igsport.,Rp58.000,250+ terjual
ROCKBROS GJ1601 Multifunction Bicycle Repair Tools Kit Toolset Sepeda,Rp27.000,1rb+ terjual
ROCKBROS 01112 Pelindung Frame Rantai Sepeda Bicycle Chain Cover Guard,Rp6.500,750+ terjual
Handgrip Stang Sepeda ROCKBROS BT1001 (Hand Grip Handle Grip Seli MTB),Rp30.000,100+ terjual
ROCKBROS MZ100 Cycling Cap Bicycle Hat - Topi Sepeda,Rp52.000,100+ terjual
ROCKBROS BT1011 Handgrip Tutup Setang Sepeda Bicycle Grip Karet,Rp33.500,100+ terjual
Pompa Ban Sepeda Rockbros A380SS Pumpa Bola 160 Psi Barometer,Rp99.000,40+ terjual
Lampu Belakang Sepeda Rockbros WR05 Bicycle Rear Light 7 Waterproof,Rp87.999,21 terjual
ROCKBROS RKS870 Kunci Gembok Sepeda Bike 87CM Bicycle Bike Lock Steel,Rp84.900,1rb+ terjual
ROCKBROS DCBT69 Botol Minum Sepeda Bidon Water Drink Bottle 750ml,Rp41.000,250+ terjual
ROCKBROS Bike Bell Electronic Horn 120db Electric Bel Klakson Sepeda,Rp50.999,100+ terjual
lampu depan senter rockbros 400 LM lumen,Rp115.000,9 terjual
Rockbros RHL400 Lampu Sepeda USB Rechargeable 400LM 2000mAh Waterproof,Rp125.000,100+ terjual
ROCKBROS AS-021 Medium Tas Sepeda Bicycle Bag Waterproof Cycling Top,Rp135.000,7 terjual
ROCKBROS A320 Pompa Sepeda 120 Psi Bicycle Pump Presta Schrader,Rp26.771,750+ terjual
Rockbros Bicycle Bell Quick Release Copper Bike Bel Sepeda LDRK 1002,Rp23.500,100+ terjual
ROCKBROS B68 Tas Frame Sepeda Bike Bag Touch Screen Phone Hard Shell,Rp163.200,100+ terjual
ROCKBROS Bel Sepeda Alumunium Stainless Bicycle Bell Ring MTB Cycling ,Rp76.000,16 terjual
Kacamata Sepeda Rockbros 10135B Ori Kaca Mata Gowes Hitam Polarized,Rp173.000,2 terjual
Rockbros KS-416 Adaptor Bracket Single Bottle Cage Botol Minum Sepeda,Rp49.000,50+ terjual
Kacamata Gowes Rockbros 10134BL Navy Kaca Mata Sepeda Photocromic Lari,Rp123.200,3 terjual
TOPI SEPEDA ORIGINAL ROCKBROS MZ100 SPRING AND SUMMER CYCLING CAP,Rp65.000,14 terjual
Rockbros 2821 Fender Telescopik Spakbor Mud Guard Lipat Sepeda,Rp99.000,50+ terjual
ROCKBROS Bicycle Bag Front Waterproof Hard Shell Tas Folding Bike B91,Rp123.999,60+ terjual
ROCKBROS RHL3000 Lampu Sepeda Light Lamp Bicycle 3000 Lumen Powerbank,Rp549.000,9 terjual
ROCKBROS PVC001 Pegangan Botol Minum Sepeda Bottle Cage Botol Holder,Rp11.200,2rb+ terjual
ROCKBROS JC1005BK Standar Sepeda Samping Telescopic Kick Stand,Rp67.500,750+ terjual
Rockbros Holder Bottle Cage Bracket Adaptor Tempat Botol Minum Sepeda,Rp39.500,100+ terjual
CIGNA WT-017 Bike Helmet - Helm Sepeda - RED BLACK ( BUKAN ROCKBROS ),Rp159.000,50+ terjual
ROCKBROS WT-018S Helm Sepeda Gowes Bicycle Helmet wt Magnetic Glasses,Rp260.000,100+ terjual
ROCKBROS WT-099 Black Bicycle Helmet- Helm Sepeda Anti Sweat,Rp318.000,100+ terjual
Rockbros RHL1000 Lampu Sepeda 2 Mode Barfly and Bracket USB 1000 Lumen,Rp240.000,250+ terjual
Rockbros AS016 Waterproof Handlebar Bag Tas Stang Black Grey,Rp195.000,40+ terjual
BOTOL AIR MINUM SEPEDA ORIGINAL ROCKBROS DCBT69 SPORTS BOTTLE - Transparent B,Rp70.000,3 terjual
Holder Bottle Cage Sepeda Rockbros KS416 Tempat Botol Bike Unilateral,Rp48.500,15 terjual
ROCKBROS 26210007 BICYCLE REARVIEW MIRROR KACA SPION SEPEDA ORIGINAL  - Left (One Pcs),Rp185.000,3 terjual
ROCKBROS S202-1 Sarung Tangan Sepeda Anti UV Bike Gloves Full Finger,Rp62.500,100+ terjual
Rockbros brecket gps lampu camera gopro YSZ1808 Bicycle Mount - Blue,Rp89.900,60+ terjual
ROCKBROS ZK-013 Helm Sepeda + LED Lampu Belakang Bicycle Helmet MTB RB,Rp293.900,500+ terjual
ROCKBROS DCBT69 Botol Minum Sepeda Olahraga 750ml - Water Drink Bottle,Rp39.400,3rb+ terjual
ROCKBROS AS-019 Small Tas Sepeda Cycling Bike Bicycle Top Front Tube,Rp124.000,80+ terjual
Rockbros WR05 Lampu Belakang Sepeda Brake Sensor Light USB Waterproof,Rp99.275,250+ terjual
ROCKBROS Q5 Lampu Belakang Sepeda Sensor Rem Bike Taillight SmartBrake,Rp163.900,500+ terjual
ROCKBROS XT001 Manset Tangan Sepeda Anti UV Sports Cycling Arm Sleeve,Rp57.500,750+ terjual
ROCKBROS LF7345 Masker Balaclava Winter Sport Motor Bike Mask Fleece,Rp79.000,40+ terjual
Rockbros Sepasang Bartape Sepeda Roadbike Bar Tape Dropbar Stang Balap,Rp98.000,750+ terjual
ROCKBROS RHL1500 Lumen Lampu Depan Sepeda + Bracket Barfly RHL 1500 LM,Rp328.000,80+ terjual
ROCKBROS Q2S Smart Brake Sensor Lampu Belakang Sepeda Bike Taillight,Rp97.000,80+ terjual
ROCKBROS K502F Bicycle Folding Pedal Fold Bike Sepeda Lipat Anti Slip,Rp248.000,9 terjual
Rockbros M1 GPS 5.0 Speedometer Sepeda Bike Computer ANT+ Bluetooth,Rp448.000,16 terjual
ROCKBROS 2022-1B Bel Sepeda Retro Bicycle Chopper Bell Stainless Horn,Rp62.500,90+ terjual
Sarung Tangan Sepeda ROCKBROS S109-1 Bicycle Glove Full Finger Abu-abu,Rp114.000,30+ terjual
ROCKBROS B68 Tas Sepeda Waterproof MTB Roadbike Top Tube Frame Bag,Rp140.000,2 terjual
Rockbros Lampu Belakang Sepeda LED USB Charging Model Frog Waterproof,Rp88.000,90+ terjual
ROCKBROS Bicycle Bell Clear Loud Copper Horns Bel Sepeda - LDRK1001,Rp23.300,60+ terjual
ROCKBROS B75 Tas Frame Sepeda Triangle Bicycle Bag Bike Tube Bag 1.2L,Rp76.000,100+ terjual
ROCKBROS 34210006001 C Shaped Concealed Bel Sepeda Horn Alloy Bell,Rp58.500,80+ terjual
ROCKBROS Botol Minum Sepeda Olahraga DCBT68 600ml Water Drink Bottle,Rp37.500,1rb+ terjual
ROCKBROS RKS870 Kunci Gembok Sepeda Baja 87CM Bike Lock Steel 5 Code,Rp87.000,100+ terjual
Pelindung Rantai Sepeda Rockbros 04 Frame Chain Protector Cover Guard ,Rp2.800,100+ terjual
ROCKBROS BTCR Grip Setang Sepeda-Bike Handgrip PP Wrapped Ring Lock,Rp52.999,750+ terjual
ROCKBROS GH-081H-082H-083H Bartape Dropbar Bar Tape Wrap Strap GH081H,Rp63.500,100+ terjual
Rockbros ZB1001 Jok Busa Boncengan Sadel Bagasi Belakang Sepeda,Rp50.000,6 terjual
Rockbros RHL3000 Lampu Sepeda Power Bank 10000 mAh USB C 3000 Lumen,Rp550.000,6 terjual
Rockbros Mount Lampu Barfly Mounting Garmin Cateye Bryton GoPro Holder,Rp88.000,500+ terjual
ROCKBROS CB1709 Bel Sepeda Elektrik Bicycle Electric Bell Horn Klakson,Rp47.000,250+ terjual
ROCKBROS D1-800 Lampu Sepeda 800 Lumens Headlight Bike Light barfly,Rp199.000,80+ terjual
Rockbros Q4 Lampu Belakang USB Smart Light Brake Sensor Waterproof,Rp133.000,100+ terjual
ROCKBROS S221 Gloves Sarung Tangan Sepeda Semua Ukuran - Hitam,Rp105.700,1rb+ terjual
ROCKBROS TM-1701P Pompa Angin Sepeda 80 Psi Bike Portable Mini Pump,Rp40.500,500+ terjual
ROCKBROS XT9002 Arm Sleeve Outdoor Manset Tangan Sepeda Anti UV,Rp14.000,10rb+ terjual
ROCKBROS BC01 Pegangan Botol Minum Sepeda Bike Bottle Cage Holder,Rp21.999,1rb+ terjual
ROCKBROS 699 Holder Handphone Tempat HP Sepeda Adjustable Mounting,Rp69.999,500+ terjual
ROCKBROS 2011-7A BICYCLE KICK STAND - STANDAR SAMPING SEPEDA,Rp85.000,11 terjual
ROCKBROS 34210002 Bel Elektronik Klakson Sepeda 120DB Bicycle Horn - Black,Rp69.000,100+ terjual
Pompa Ban Sepeda Rockbros BG-1047 Mini Portable High Pressure 120 Psi,Rp79.000,9 terjual
ROCKBROS A2 Bell Sepeda Elektrik Alarm Wireless AntiTheft Bicycle Horn - Black,Rp154.000,28 terjual
Sarung Tangan Rockbros MT003 Kaos Tangan Sepedah Motor Full Finger Mtb,Rp202.500,19 terjual
